{"bitmapfontlayouts":{"ArialBlack_bmap.fnt":{"baseline":23,"glyphs":{"48":{"awidth":14,"bottom":0.183594,"height":15,"left":0.703125,"page":0,"right":0.757812,"top":0.125,"width":14,"xoffset":0,"yoffset":8},"49":{"awidth":14,"bottom":0.261719,"height":15,"left":0.273438,"page":0,"right":0.3125,"top":0.203125,"width":10,"xoffset":1,"yoffset":8},"50":{"awidth":14,"bottom":0.121094,"height":15,"left":0.789062,"page":0,"right":0.84375,"top":0.0625,"width":14,"xoffset":0,"yoffset":8},"51":{"awidth":14,"bottom":0.121094,"height":15,"left":0.847656,"page":0,"right":0.902344,"top":0.0625,"width":14,"xoffset":0,"yoffset":8},"52":{"awidth":14,"bottom":0.121094,"height":15,"left":0.90625,"page":0,"right":0.960938,"top":0.0625,"width":14,"xoffset":0,"yoffset":8},"53":{"awidth":14,"bottom":0.199219,"height":15,"left":0,"page":0,"right":0.0546875,"top":0.140625,"width":14,"xoffset":0,"yoffset":8},"54":{"awidth":14,"bottom":0.199219,"height":15,"left":0.0585938,"page":0,"right":0.113281,"top":0.140625,"width":14,"xoffset":0,"yoffset":8},"55":{"awidth":14,"bottom":0.199219,"height":15,"left":0.117188,"page":0,"right":0.171875,"top":0.140625,"width":14,"xoffset":0,"yoffset":8},"56":{"awidth":14,"bottom":0.199219,"height":15,"left":0.175781,"page":0,"right":0.230469,"top":0.140625,"width":14,"xoffset":0,"yoffset":8},"57":{"awidth":14,"bottom":0.199219,"height":15,"left":0.234375,"page":0,"right":0.289062,"top":0.140625,"width":14,"xoffset":0,"yoffset":8},"58":{"awidth":7,"bottom":0.308594,"height":11,"left":0.265625,"page":0,"right":0.292969,"top":0.265625,"width":7,"xoffset":0,"yoffset":12},"64":{"awidth":16,"bottom":0.0703125,"height":18,"left":0.25,"page":0,"right":0.320312,"top":0,"width":18,"xoffset":-1,"yoffset":8},"65":{"awidth":16,"bottom":0.0585938,"height":15,"left":0.714844,"page":0,"right":0.785156,"top":0,"width":18,"xoffset":-1,"yoffset":8},"66":{"awidth":16,"bottom":0.121094,"height":15,"left":0.539062,"page":0,"right":0.597656,"top":0.0625,"width":15,"xoffset":1,"yoffset":8},"67":{"awidth":16,"bottom":0.125,"height":15,"left":0.34375,"page":0,"right":0.40625,"top":0.0664062,"width":16,"xoffset":0,"yoffset":8},"68":{"awidth":16,"bottom":0.121094,"height":15,"left":0.601562,"page":0,"right":0.660156,"top":0.0625,"width":15,"xoffset":1,"yoffset":8},"69":{"awidth":15,"bottom":0.195312,"height":15,"left":0.292969,"page":0,"right":0.347656,"top":0.136719,"width":14,"xoffset":1,"yoffset":8},"70":{"awidth":14,"bottom":0.261719,"height":15,"left":0,"page":0,"right":0.0507812,"top":0.203125,"width":13,"xoffset":1,"yoffset":8},"71":{"awidth":18,"bottom":0.136719,"height":15,"left":0.0742188,"page":0,"right":0.140625,"top":0.078125,"width":17,"xoffset":0,"yoffset":8},"72":{"awidth":18,"bottom":0.121094,"height":15,"left":0.410156,"page":0,"right":0.472656,"top":0.0625,"width":16,"xoffset":1,"yoffset":8},"73":{"awidth":8,"bottom":0.121094,"height":15,"left":0.964844,"page":0,"right":0.988281,"top":0.0625,"width":6,"xoffset":1,"yoffset":8},"74":{"awidth":14,"bottom":0.261719,"height":15,"left":0.21875,"page":0,"right":0.269531,"top":0.203125,"width":13,"xoffset":0,"yoffset":8},"75":{"awidth":18,"bottom":0.0585938,"height":15,"left":0.789062,"page":0,"right":0.859375,"top":0,"width":18,"xoffset":1,"yoffset":8},"76":{"awidth":14,"bottom":0.261719,"height":15,"left":0.164062,"page":0,"right":0.214844,"top":0.203125,"width":13,"xoffset":1,"yoffset":8},"77":{"awidth":20,"bottom":0.136719,"height":15,"left":0,"page":0,"right":0.0703125,"top":0.078125,"width":18,"xoffset":1,"yoffset":8},"78":{"awidth":18,"bottom":0.136719,"height":15,"left":0.144531,"page":0,"right":0.207031,"top":0.078125,"width":16,"xoffset":1,"yoffset":8},"79":{"awidth":18,"bottom":0.0585938,"height":15,"left":0.492188,"page":0,"right":0.5625,"top":0,"width":18,"xoffset":0,"yoffset":8},"80":{"awidth":15,"bottom":0.1875,"height":15,"left":0.351562,"page":0,"right":0.40625,"top":0.128906,"width":14,"xoffset":1,"yoffset":8},"81":{"awidth":18,"bottom":0.0625,"height":16,"left":0.324219,"page":0,"right":0.394531,"top":0,"width":18,"xoffset":0,"yoffset":8},"82":{"awidth":16,"bottom":0.136719,"height":15,"left":0.210938,"page":0,"right":0.273438,"top":0.078125,"width":16,"xoffset":1,"yoffset":8},"83":{"awidth":15,"bottom":0.0585938,"height":15,"left":0.9375,"page":0,"right":0.996094,"top":0,"width":15,"xoffset":0,"yoffset":8},"84":{"awidth":15,"bottom":0.121094,"height":15,"left":0.476562,"page":0,"right":0.535156,"top":0.0625,"width":15,"xoffset":0,"yoffset":8},"85":{"awidth":18,"bottom":0.132812,"height":15,"left":0.277344,"page":0,"right":0.339844,"top":0.0742188,"width":16,"xoffset":1,"yoffset":8},"86":{"awidth":16,"bottom":0.0585938,"height":15,"left":0.640625,"page":0,"right":0.710938,"top":0,"width":18,"xoffset":-1,"yoffset":8},"87":{"awidth":21,"bottom":0.0585938,"height":15,"left":0.398438,"page":0,"right":0.488281,"top":0,"width":23,"xoffset":-1,"yoffset":8},"88":{"awidth":16,"bottom":0.0585938,"height":15,"left":0.566406,"page":0,"right":0.636719,"top":0,"width":18,"xoffset":-1,"yoffset":8},"89":{"awidth":16,"bottom":0.0585938,"height":15,"left":0.863281,"page":0,"right":0.933594,"top":0,"width":18,"xoffset":-1,"yoffset":8},"90":{"awidth":15,"bottom":0.121094,"height":15,"left":0.726562,"page":0,"right":0.785156,"top":0.0625,"width":15,"xoffset":0,"yoffset":8},"97":{"awidth":14,"bottom":0.308594,"height":11,"left":0.0585938,"page":0,"right":0.113281,"top":0.265625,"width":14,"xoffset":0,"yoffset":12},"98":{"awidth":14,"bottom":0.261719,"height":15,"left":0.109375,"page":0,"right":0.160156,"top":0.203125,"width":13,"xoffset":1,"yoffset":8},"99":{"awidth":14,"bottom":0.230469,"height":11,"left":0.917969,"page":0,"right":0.972656,"top":0.1875,"width":14,"xoffset":0,"yoffset":12},"100":{"awidth":14,"bottom":0.183594,"height":15,"left":0.410156,"page":0,"right":0.464844,"top":0.125,"width":14,"xoffset":0,"yoffset":8},"101":{"awidth":14,"bottom":0.308594,"height":11,"left":0,"page":0,"right":0.0546875,"top":0.265625,"width":14,"xoffset":0,"yoffset":12},"102":{"awidth":8,"bottom":0.257812,"height":15,"left":0.316406,"page":0,"right":0.355469,"top":0.199219,"width":10,"xoffset":-1,"yoffset":8},"103":{"awidth":14,"bottom":0.183594,"height":15,"left":0.46875,"page":0,"right":0.523438,"top":0.125,"width":14,"xoffset":0,"yoffset":12},"104":{"awidth":14,"bottom":0.183594,"height":15,"left":0.527344,"page":0,"right":0.582031,"top":0.125,"width":14,"xoffset":0,"yoffset":8},"105":{"awidth":7,"bottom":0.25,"height":15,"left":0.398438,"page":0,"right":0.417969,"top":0.191406,"width":5,"xoffset":1,"yoffset":8},"106":{"awidth":7,"bottom":0.0742188,"height":19,"left":0.214844,"page":0,"right":0.246094,"top":0,"width":8,"xoffset":-2,"yoffset":8},"107":{"awidth":14,"bottom":0.121094,"height":15,"left":0.664062,"page":0,"right":0.722656,"top":0.0625,"width":15,"xoffset":0,"yoffset":8},"108":{"awidth":7,"bottom":0.246094,"height":15,"left":0.421875,"page":0,"right":0.441406,"top":0.1875,"width":5,"xoffset":1,"yoffset":8},"109":{"awidth":21,"bottom":0.230469,"height":11,"left":0.535156,"page":0,"right":0.613281,"top":0.1875,"width":20,"xoffset":1,"yoffset":12},"110":{"awidth":14,"bottom":0.230469,"height":11,"left":0.742188,"page":0,"right":0.796875,"top":0.1875,"width":14,"xoffset":0,"yoffset":12},"111":{"awidth":14,"bottom":0.230469,"height":11,"left":0.800781,"page":0,"right":0.855469,"top":0.1875,"width":14,"xoffset":0,"yoffset":12},"112":{"awidth":14,"bottom":0.261719,"height":15,"left":0.0546875,"page":0,"right":0.105469,"top":0.203125,"width":13,"xoffset":1,"yoffset":12},"113":{"awidth":14,"bottom":0.183594,"height":15,"left":0.585938,"page":0,"right":0.640625,"top":0.125,"width":14,"xoffset":0,"yoffset":12},"114":{"awidth":9,"bottom":0.308594,"height":11,"left":0.222656,"page":0,"right":0.261719,"top":0.265625,"width":10,"xoffset":0,"yoffset":12},"115":{"awidth":13,"bottom":0.308594,"height":11,"left":0.117188,"page":0,"right":0.167969,"top":0.265625,"width":13,"xoffset":0,"yoffset":12},"116":{"awidth":9,